{
    "step": [
        1,
        1001,
        2001,
        3001,
        4001,
        5001,
        6001,
        7001,
        8001,
        9001,
        10001,
        11001,
        12001,
        13001,
        14001,
        15001,
        16001,
        17001,
        18001,
        19001,
        20001,
        21001,
        22001,
        23001,
        24001,
        25001,
        26001,
        27001,
        28001,
        29001,
        30001,
        31001,
        32001,
        33001,
        34001,
        35001,
        36001,
        37001,
        38001,
        39001,
        40001,
        41001,
        42001,
        43001,
        44001,
        45001,
        46001,
        47001,
        48001,
        49001,
        50001,
        51001,
        52001
    ],
    "critic_loss": [
        0.005366460420191288,
        3.530845060595311e-05,
        2.9757924494333565e-05,
        2.893805140047334e-05,
        2.5309591364930384e-05,
        3.0110493753454648e-05,
        3.847824700642377e-05,
        4.56220586784184e-05,
        8.456666546408087e-05,
        7.965342956595123e-05,
        0.00010065489914268255,
        0.0001760404702508822,
        0.00019113814050797373,
        0.00023668367066420615,
        0.00026488403091207147,
        0.00022361399896908551,
        0.00013295968528836966,
        0.00016493993462063372,
        0.0001758615399012342,
        0.0002246322837891057,
        0.000272050267085433,
        0.00028861622558906674,
        0.000258122687228024,
        0.0002620016457512975,
        0.0003529966634232551,
        0.00031213683541864157,
        0.0004425057559274137,
        0.00047877588076516986,
        0.0005031931214034557,
        0.0005640852614305913,
        0.000398217816837132,
        0.0005091773346066475,
        0.000674526731017977,
        0.0007115178159438074,
        0.0006252528401091695,
        0.0005534145748242736,
        0.000597998732700944,
        0.0006064982153475285,
        0.0005549037014134228,
        0.000549351389054209,
        0.0008410167647525668,
        0.000768605968914926,
        0.0006053071119822562,
        0.0006852269871160388,
        0.0007312522502616048,
        0.0008857653010636568,
        0.0007093689637258649,
        0.0007906622486189008,
        0.0008789270650595427,
        0.001044329022988677,
        0.0008314270526170731,
        0.0007268076296895742,
        0.0010222031269222498
    ]
}