{
    "step": [
        1,
        1001,
        2001,
        3001,
        4001,
        5001,
        6001,
        7001,
        8001
    ],
    "critic_loss": [
        0.005366460420191288,
        3.530845060595311e-05,
        2.9757924494333565e-05,
        2.893805140047334e-05,
        2.5309591364930384e-05,
        3.0110493753454648e-05,
        3.847824700642377e-05,
        4.56220586784184e-05,
        8.456666546408087e-05
    ]
}